num_qubits,quanvolutional,time
20,1,0.018160982131958006
20,2,0.023945546150207518
